Name,Details
"Abel, Clifford",Alan Sick Berth Att.
"Adam, George",Currie
"Adams, William",
"Adamson, Charles",V. BOMS 798881 Royal Artillery
"Aikman, Ronald",Edward Lance Corp. 3053623 Royal Scots
"Alchin, Milton",Carl BSM 1424392 Hong Kong & Singapore Royal Artillery
"Alexander, Adam",Glen Lance Corp. 6201459 Middlesex
"Allan, Hugh",Hamilton PC Royal Naval Dockyard Police
"Allen, William",Richard Marine PLY/X 2196 Royal Marines
"Allanson, Kenneth",E. Private 3063607 Boyal Scots
"Allin, Bernard",Lester Signalman 2589561 Royal Corpe of Signals
"Allison, Patrick",Joseph Private 3055948 Royal Scots
"Allport, Albert",Edward BSM 1064171 Hong Kong & Singapore Royal Artillery
"Ambrose, Fred",Corporal PLY/22402 Royal Marines
"Anderson, John",Lance Bdr. 7013283 Royal Artillery
"Anderson, John",McLeod Private 3055011 Royal Scots
"Anderson, Victor",Emanuel Bombardier 7076955 Royal Artillery
"Andrew, Matthew",Beaton Private 3055215 Royal Scots
"Andrews, Leslie",William Private 6210653 Middlesex
"Archer, Albert",William Stoker 1st Class C/KX 105774 Royal Navy
"Archibald, Robert",Miller Private
"Archibald, William",Private 3063611 Royal Scots
"Arnold, Edward",Gunner 8272469 Royal Artillery
"Ashford, Ronald",Edward Private 3054433 Royal Scots
"Astill, Arthur",Gunner 845230 Royal Artillery
"Atkinson, Edwin",Lance Corp. 2325182 Royal Corps of signals
"Atkinson, Robert",Chief P.O. D/J 108082 Royal Navy
"Attwell, Gerald",Able Seaman D/SSX 20157 Royal Navy
"Audsley, Harold",Sapper 1991557 Royal Engineers
"Auld, Alexander",Private 3052678 Royal Scots
"Austin, William",Bombardier 850939 Hong Kong & Singapore Royal Artillery
"Bache, Herbert",Henry Private 2570708 Royal Army Medical Corps
"Backhurst, Alfred",Leonard - Private 6212951 Middlesex
"Bader, Bernard",John Sergeant 847343 Hong Kong & Singapore Royal Artillery
"Bailey, Albert",William H. Gunner 853083 Royal Artillery
"Bailey, Reginald",Kenneth L. Sick Berth Att. C/MX 52582- Royal Navy
"Bain, George",Harper Lance Corp. 3055325 Royal Scots
"Baker, George",Sidney Private 6202719 Middlesex
"Baker, Jack","Eng. Rm. Art, 3P/MX 48263 Royal Navy"
"Baker, John",James Private 6208382 Middlesex
"Baker, Thomas",Ernest Private 6202324 Middlesex
"Balaam, Arthur",John Gunner 872506 Royal Artillery
"Baldwin, William",Charles Gunner 6459432 Royal Artillery.
"Banks, Raymond",Lance Bdr. 849622 Royal Artillery
"Barbour, James",Munro Lance Corp. 1872348 Royal Engineers
"Barlow, William",Arthur BSM 816130 Royal Artillery
"Barnes, Cyril",Gunner 1426883 Royal Artillery
"Barnes, John",Gunner 850757 Royal Artillery
"Barnes, John",Private 3054424 Royal Scots
"Barnes, Walter",Private 6201248 Middlesex
"Barratt, Walter",Arthur Private 6213453 Middlesex
"Barrett, John",Charles Private 6203704 Middlesex
"Baskerville, Albert",T. BSM 1057504 Royal Artillery
"Bath, Ronald",Jack Private 6202182 Middlesex
"Baxter, James",Philip Gunner 860125 Royal Artillery
"Beaton, James",Thom Gunner 862199 Royal Artillery
"Bedford, George",Corporal 2323921 Royal Corps of Signals
"Beesley, Norman",Sapper 2131054 Royal Engineers
"Bell, David",Bowie Private 3063614 Royal Scots
"Bennett, John",Lance Corp. 6203921 Middlesex
"Bennett, Leonard",Charlen Corporal 5614598 Middlesex
"Bennison, William",Gunner 1722934 Royal Artillery
"Benson, Joseph",Hugh L. Supply Ass. D/MX 102740 Royal Navy
"Berry, Ralph",Master Gunner 1061660 Royal Artillery
Berry. Thomas Malcolm Private 3054386 Royal Scots,
"Best, Harold",Ernest Able Seaman D/JX 169805 Royal Navy
"Bevis, Herbert",Thomas Chief E.R.A. F/M 22609 Royal Navy
"Bickmore, Ernest",Alfred Able Seaman C/JX 174010 Royal Navy
"Biggs, Arthur",Leonard W.O. Minewatcher - Hong Kong Royal Naval Volunteer Reserve
"Bilton, Arthur",Writer D/MX 66814 Royal Navy
Birch. Arthur Edward Leading Seaman D/SSX: 22726 Royal Navy,
"Black, Andrew",Christi Private 3054080 Royal Scots
"Black, George",Gunner 3049404 Royal Artillery
"Blackman, Albert",Lionel Sergeant 1869539 Royal Engineers
"Bliss, David",Ken Able Seaman D/J 53499 Royal Navy
Boag. John Law Sapper 1896309 Royal Engineers,
"Bond, James",William CQMS 6196027 Middlesex
"Bond, William",Horace L. Sick Berth Att. D/M 36415. Royal Navy
"Bonfield, Frank",Master at Arms D/M 39742 Royal Navy
"Boothroyd, George",H. Telegraphist P/SSX 31937 - Royal Navy
"Bowditch, Alfred",Edward - Gunner 1073423 Royal Artillery
"Bowey, George",Henry Private 6201825 Middlesex.
"Boyce, Samuel",John Lance Bdr. 1063039 Royal Artillery
"Boyes, William",James L. A. P.O. Sick Berth D/M 36394 Royal Navy
"Boyle, Hugh",Chief E.R.A. D/M 26910 Royal Navy
"Boyle, Thomas",John Private 3053138 Royal Scots
"Boyne, Martin",William Gunner 1426774 Royal Artillery
"Bradford, Alfred",Thomas Bandsman 6201856 - Middles合会
"Bremner, William",Gunner 1725305 Royal Artillery
"Brennan, Michael",Corporal 1871620 Royal Engineers
"Bright, Arthur",William Leading Stoker P/K 20823 Royal Navy
"Brockley, Wilfred",Private 7538255 Royal Army Dental Corps
"Brooks, Charles",Frederick Master Gunner -1410996 Royal Artillery
"Brooks, Sidney",Gunner 856993 Royal Artillery
"Brotherston, Andrew",Sergeant Hong Kong Dockyard Defence Corpa
"Brown, David",McNeilace Able Seaman D/JX 194203 Royal Navy
"Brown, Joseph",Peter Sapper 1874475 Royal Engineers
"Bryant, Joseph",Private 3053735 Royal Scots
"Bryant, Willie",Private 6208393 Middlesex
"Brydie, Cecil",C. Shipwright D/MX54814 Royal Navy
"Bull, Walter",Gunner 4613293 Royal Artillery
"Burdett, Kenneth",Private 6196305 Middlesex
"Burgess, Frederick",Gunner 3528355 Royal Artillery
"Burnell, Robert",James Lance Sergeant 1501972 Hong Kong  Singapore Royal Artillery
"Burnett, Alexander",B. Private 3052803 Royal Scots
"Burnett, Peter",Lance Corp. 3054976 Royal Scots
"Burnley, Fred",Bombardier 1424508 Royal Artillery
"Burns, Thomas",McDermid Lance Corp. 3055018 Royal Scots
"Burrows, Edgar",George Stoker P.O. C/KX75164 Royal Navy
"Burrows, Frank",Lance bdr. 851337 Royal Artillery
"Burrows, Vernon",Howard Gunner 872712 Royal Artillery
"Butler, Thomas",Gunner 872746 Royal Artillery
"Butler, Walter",William Gunner 800932 Royal Artillery
"Cadle, Edward",Terence Gunner 1492325 Royal Artillery
"Calvert, Hans",Signalman D/JX 229549 Royal Navy
"Campbell, Clifford",H. H. Private 6213470 Middlesex
"Campbell, James",Private 3055253 Royal Scots
"Campbell, William",Sick Berth Att. D/MX 80127 Royal Navy
"Campbell, William",Lance Sergeant LSA/68 Hong Kong Police Force.
"Carley, John",BSM 1064034 Royal Artillery
"Carpenter, Maurice",David Staff Sergeant 1869997 Royal Engineers
"Carrell, George",Thomas Private 6200773 Middlesex
"Carrington, William",Private 3055976 Royal Scots
"Caslake, Edwin",Reginald Corporal 6198731 Middlesex
"Cassin, Francis",Able Seaman D/JX 153144 Royal Navy
"Chalgrave, Frank",Private 6205010 Middlesex
"Chalmers, Alexander",Private 2880057 Royal Scots
"Chapman, Douglas",V. Private 6210065 Middlesex
"Charles, Douglas",Amos Corporal 6201537 Middlesex
"Charles, Sidney",Sergeant 1862399 Royal Engineers
"Charlton, Rennison",Private 3054558 Royal Scots
"Cheek, George",Henry Able Seaman P/J 30260 WRNH Royal Navy
"Chick, Henry",Private 6207041 Middlesex
"Chilcraft, Robert",Albert Able Seaman C/JX 198043 Royal Navy
"Childs, Thomas",Bernard Gunner 868767 Royal Artillery
"Chown, George",Henry Gunner 1712333 Royal Artillery
"Christian, Charles",Harold Gunner 856067 Royal Artillery
"Clarke, Wilfred",Allan L. Telegraphist D/JX 138843 Royal Navy
"Clayton, Samuel",Gunner 868235 Hong Kong & Singapore Royal Artillery
Cleggett. Albert Ernest Signalman- 2323569 Royal Corps of Signals,
"Clifford, George",Frederick Private 6201165 Middlesex
Clogg. George Alfred Gunner 1426788 Royal Artillery,
"Cockburn, Richard",Gunner 847145 Royal Artillery
"Cole, Frederick",William Gunner 1438817 Royal Artillery
"Coleman, Patrick",Private 3053270 Royal Scots
"Coles, Joseph",William R. Sergeant - Hong Kong Dockyard Defence Corps
"Colthorpe, Wilfred",Lance Bår. 860371 Royal Artillery
"Combe, Alexander",Hunter Corporal 2979624 Royal Scots
"Commerford, John",Lance Corp. 6010413 Middlesex
"Coneghan, James",Private 3054426 Royal Scots
Connolly. John Patrick G. - Private 6203260- Middlesex,
"Cook, Henry",Private 3050398 Royal Scots
"Cook, James",Lance Corp. 3054069 Royal Scots
"Cook, Peter",Harold Signalman 2324228 Royal Corps of Signals
"Cooke, James",Leslie Cyril Corporal 1870684 Royal Engineers
"Cooke, John",Patrick Private 6202967 Middlesex.
"Cooke, Leonard",Gunner 856036 Royal Artillery
"Cooper, Albert",Edward Lance Corp. 6201935 Middlesex
"Cooper, George",William Corporal 1871659 Royal Engineers
"Copping, Henry",George Private 6202987 Middlesex
"Cornwall, Andrew",Private 3055714 Royal Scots
"Couch, Henry",Gunner 1426655 Royal Artillery
"Cousins, George",John F. BSM 1421493 Royal Artillery
"Crabtree, Allan",Signalman D/SSX 30457 Royal Navy
"Craddock, Thomas",G. Gunner 1492336 Royal Artillery
"Crangle, John",Raphael Able Seaman P/UD/X 1399 Royal Navy
"Crawley, Frederick",W. Signalman 2330255 Royal Corps of Signals
"Creed, Frederick",William Gunner 853685 Royal Artillery
"Crichton, George",Private 3054865 Royal Scots
"Crittenden, Albert",Stanley Sapper 1871588 Royal Engineers
"Cross, William",Albert Lance Bdr. 847267 Royal Artillery
"Crowley, Patrick",Joseph Sergeant 6198993 Middlesex
"Cuell, William",Tom ROMS 1416464 Royal Artillery
"Culpeck, Francis",Henry Lance Corp. 6200956 Middlesex
"Curtis, Llewellyn",Gunner 863047 Royal Artillery
"Dainty, George",Henry Gunner 5109685 Royal Artillery
"Dair, Robert",Francis Sergeant 1409461 Hong Kong & Singapore Royal Artillery
"Daly, Joseph",Hunter Private 3055918 Royal Scots
"Dannan, Stephen",John Lance Corp. 2323003 Royal Corps of Signals
"Davis, Donald",Edward Staff Sergeant 1866908 Royal Engineers
"Davin, Harold",Raymond - Sapper 2125441 Royal Engineers
"Davis, John",Peter Richard Frivate 6213434 Middlesex
"Davis, Joseph",William Gunner 847243 Royal Artillery
Dawes. James Lance Sergeant 6200365 Middlesex,
"Dawson, George",Staff Sergeant 1869525 Royal Engineers
"Day, Harry",Clark of Morks 1862866 Royal Engineers
"Delderfield, George",A. Lieutenant  132905 Royal Artillery
"Denyer, George",Staff Sergeant 1869033 Royal Engineers
"Dickson, George",Jackson Private 3055960 Royal Scots
"Dixon, Norman",Sergeant 847485 Royal Artillery
"Doane, Ernest",Gunner 842328 Royal Artillery
"Dochard, John",Gunner 853687 Royal Artillery
"Dodson, Charles",Henry Yeoman of Sig. C/230594 Royal Navy
"Donnelly, John",Lance Corp. 3054473 Royal Scots
"Dooley, Clifford",Vincent Lance Bdr. 872637 Royal Artillery
"Drew, Wilfred",Bombardier 859572 Royal Artillery
"Ducker, Neville",James Elec. Artificer 1 D/MX 59150 Royal Navy
"Duddridge, Richard",Henry PC PC/35 Hong Kong Dockyard Defence Corps
"Dunlop, George",Lance Corp. 3245377- Royal Scots
"Durie, George",Brown Lance Sergeant 3053692 Royal Scots
"Durose, Robert",James Master Gunner 1420122 Royal Artillery
"Dutch, Cecil",Henry F. BSM 1425042 Royal Artillery
"Easterbrook, William",G.R. Boatswain Bosun - Royal Navy
"Eaton, George",Private 6204419 Middlesex
"Edge, Leonard",Lance Corp. 3054374 Royal Scots
"Edwards, James",Thomas Sergeant 850320 Royal Artillery
"Edwards, John",E.D. Able Seaman D/JX 133038 Royal Navy
Egan. John Private 3312481 Royal Scots,
"Ellard, Cecil",Gunner 847363 Royal Artillery
"Elley, Harold",Edward Sergeant 833465 Royal Artillery
"Elliott, Frederick",A. Private 6208210 Middlesex
"Ellis, Ernest",Private 3054506 Royal Scots
"Elms, David",Kenneth Supply Assistant P/MX 86702 Royal Navy
"Embleton, William",Private 3054566 Royal Scots
"Embling, James",Albert Sapper 1871734 Royal Engineers
"Evans, Douglas",Charles Gunner 1492741 Royal Artillery
"Everett, Leslie",Charles Gunner 880812 Royal Artillery
"Eves, John",Charlen Sergeant 1414266 Royal Artillery
"Fage, Charles",Edward Able Seaman D/JX 168086 Royal Navy
"Fairbairn, Alexander",D. Private 3055928 Royal Scots
"Farrie, John",Reid Writer D/MX 69160 - Royal Navy
"Ferrie, Gordon",Signalman 2326553 Royal Corps of Signals
"Fidler, Edward",Dixon Lance Bdr. 868294 Royal Artillery
"Finch, Harold",P.O. Stoker P/K 61634 Royal Navy
"Finch, Richard",Howell Leading Seaman D/JX 153328 Royal Navy
"Findlay, Edward",Private 2029542 Royal Scots
"Fisher, Albert",Louis Yeoman of Sigs. D/JX 150282 Royal Navy
"Fisher, Joseph",Gunner -856824 Royal Artillery
"Fishlock, Ernest",Alfred J. Lance Sergeant 1867802 Royal Engineers
"Flett, Andrew",Chief Skipper - Royal Navy
Flinter. Edwin Stuart QMS 1020057 Royal Artillery,
"Foley, Andrew",Private 6203401 Middlesex
"Ford, George",Private 3054539 Royal Scots
"Ford, Sidney",C. Gunner 5488266 Royal Artillery
"Forster, Arnold",William Sapper 1890153 Royal Engineera
"Forsyth, James",L.W. Leading Seaman P/JX 146260 Royal Navy
"Foss, John",George Gunner 872623 Royal Artillery
"Foster, Edward",Sinclair Sapper 1880614 Royal Engineers
"Foster, James",Thomas Private 6208381 Middlesex
"Fox, Henry",Signalman 2325079 Royal Corps of Signals
"Francis, Evan",Charles Leading Seaman D/JX 156024 Royal Navy
"Franklin, John",Wilfred Gunner 845742 Royal Artillery
"French, Walter",Leonard - Private 6201176 Middlesex
"Frenchum, Frank",Ernest Private 6203000 Middlesex
"Fry, William",Francis Sapper 1874912 Royal Engineers
"Fudge, John",Alfred Gunner 1712437 Royal Artillery
"Fulcher, Cecil",Eric Lance Bdr. 842511 Royal Artillery
"Fullagar, Albert",Oliver Gunner 860034 Hong Kong & Singapore Royal Artillery
"Fullerton, Thomas",Private 3053684 Royal Scots
"Fyffe, Neil",Private 3053612 Royal Scots
"Gadd, George",Richard Gunner 2033165 Royal Artillery
"Gailey, Leonard",Henry Gunner 3711645 Royal Artillery
"Gale, Edward",George Signalman 2331384 Royal Corps of Signals
"Gale, John",Frederick T. Private 6202413 Middlesex
"Gallagher, Joseph",Brendin Gunner 847480 Royal Artillery
"Gardiner, George",Private 3054498 Royal Scots
"Gardner, Andrew",Pollock Private 3055001 Royal Scots
"Garrett, Arthur",Thomas Petty Officer P/J 106280 Royal Navy
"Garth, Patrick",Corporal 3055939 Royal Scots
"Gates, Edwin",William Leading Seaman C/J 105411 Royal Navy
"Gentry, Frederick",James Private 6199070 Middlesex
George. Alfred William Lance Sergeant 828506 Royal Artillery,
"Gibson, Frederick",William Private 6202703 Middlesex
"Gibson, Hugh",Lance Corp. 3053728 Royal Scots
"Gibson, Richard",Lance Corp. 3054008 Royal Scots
"Gill, Norman",Henry Gunner 1426792 Royal Artillery
"Glister, Montague",Henry - Gunner 1712442 Royal Artillery
"Glover, Herbert",Edwin Lance Corp. 6201458 Middlesex
"Godfree, Ronald",Frank Leading Stoker C/KX 88260 Royal Navy
"Godfrey, Alfred",Trevor Lieutenant 147712 Royal Artillery
"Godson, Austin",Kennedy W.0.11 3049334 Royal Scots
"Goff, James",Henry Sapper 1871771 Royal Engineers
"Goldie, Charles",Private 3053767 Royal Scots
"Goodman, Albert",Corporal 6201734 Middlesex
"Gordon, Ian",Francis Lance Corp. 6201482-Middlese
"Gormon, James",Thomas Sergeant 2319515 Royal Corps of Signels
"Goudie, Harold",Signalman 2353843 Royal Corps of Signals
"Gould, Henry",Y.J. RSM 5720230 Royal Artillery
"Gourlay, lan",Douglas Sapper 1853785 Royal Engineers
"Gracey, Peter",Douglas Captain 64552 Royal Corps of Signals
"Graham, Duncan",Eng. Rm. Art. 3 D/MX 55900 Royal Navy
"Grainger, James",Private 3054844 Royal Scots
"Grant, Denis",Sapper 1875491 Royal Engineers
"Grant, Edward",Private 3054206 Royal Scots
"Gray, Christopher",F. Sapper 1874465 Royal Engineers
"Gray, Frederick",Bernard Private 6201219 Middlesex
"Green, Albert",John Gunner 872245 Royal Artillery
"Green, Ernest",Edward Sergeant 2317132 Royal Corps of Signals.
"Green, Frederick",Lance Sergeant 6203552 Middlesex
"Green, Herbert",Signalman P/JX 187137 Royal Navy
"Green, Jack",Gardfield Lance Corp. 5435557 Royal Engineers
"Green, William",Henry Corporal PO/22388 Royal Marines
"Green, William",John Gunner 853432 Royal Artillery
"Greenwood, Norman",T.J. Commissioned Telegraphist Royal Navy
"Gregory, Thomas",Henry Sapper 1874478-Royal Engineers
"Greig, William",Private 3055409 Royal Scots
Grey. William Edward Petty Officer D/J 106392 Royal Navy,
"Grist, Victor",Charles Private 2033091 Middlesex
"Gubb, Percy",William M. Private 6213442 Middlesex
"Guille, John",Robert Gunner 856673 Royal Artillery
"Haines, Charles",Henry Lance Corp. 6202150 Middlesex
"Hall, Douglas",James Private 2324196 Royal Corps of Signals
"Hall, Geoffrey",Bathaniel Gunner 870143 Royal Artillery
"Hall, Reginald",Ernest Private 6200766 - Middlesex
"Hall, Samuel",Private 3312015 Royal Scots
"Hall, Thoman",Sergeant 3051855 Royal Scots
"Hall, Walter",Gunner 850942 Royal Artillery
"Hall, Walter",John Private 6204496 Middlesex
"Hamill, Thomas",Private 3054391 Royal Scots
"Hamilton, Isaac",Private 3053609 Royal Scots
"Hammond, Frank",Stoker 1st Class D/KX 91967 Royal Navy
"Handford, John",Frederick Lance Corp. 6203528 Middlesex
"Hanley, George",Gunner 851944 Royal Artillery
"Hannan, Thomas",Bernard Lance Bdr. 838575 Royal Artillery
"Hardington, Ronald",Gunner 872514 Royal Artillery
"Hardy, Francis",Gordon Leading Seaman C/JX 138044 Royal Navy
"Hare, Charles",Private 6213445 Middlesex
"Harkinson, William",John Signalman 3312404 Royal Corps of Signaln
"Harper, Henry",George Lance Bdr. 851852 Royal Artillery
"Harper, Ronald",George P.O. Stoker C/KX 79052 Royal Navy
"Harrigan, Prancis",William Lance Corp. 1874466 Royal Engineers
"Harris, Charles",Richard Private 6203248 Middlesex
"Harris, George",Arthur Able Seaman P/SSX 19802 Royal Navy
"Harrison, Richard",Stuart W.O. 60A Hong Kong Royal Naval Volunteer Reserve
"Hart, Robert",Private 3055004 Royal Scots
"Harvey, Cyril",Gunner 1460537 Royal Artillery
"Harvey, Cyril",Private 6201300 Middlesex
"Harvey, James",Private 3054818 Royal Scots
"Hatchett, Percy",John Private 6194537 Middlesex
"Hatfield, Charles",Henry Lance Corp. 6200350 Middlesex
"Hatton, Thomas",Gunner 1426632 Royal Artillery
"Havercroft, Samuel",Private 3054791 Royal Scots
"Haviland, Charles",Stephen Telegraphist C/J 53451 Royal Navy
"Hawkins, Joseph",Edward Lance Sergeant 1873339 Royal Engineers
"Hawksworth, William",E.J. L. Signalman C/JX 136629 Royal Navy
"Haynes, Harold",George Lance Corp. 823461 Royal Engineers
"Hayward, Walter",Alfred Private 6197328 Middlesex
"Headley, William",Arthur Captain 102329 Hong Kong & Singapore Royal Artillery
"Healy, Dennis",Able Seaman C/JX 228518 Royal Navy
"Hemmingfield, Arthur",Gunner 1722938 Royal Artillery
"Henderson, David",C/Sergeant 3050476 Royal Scots
"Henderson, Francis",Drummer 3054418 Royal Scots
"Henderson, Lancelot",BSM 1055915 Royal Artillery
"Hendy, Norman",P.O. Sick Berth D/MX 48101 Royal Navy
"Heslop, James",Gunner 4271271 Royal Artillery
"Hewer, Edward",Henry J. Signalman 2324099 Royal Corps of Signals
"Hewitt, Frank",Gunner 2571743 Royal Artillery
"Hewson, Thomas",James Gunner 838991 Royal Artillery
"Hickman, Oscar",Lance Bdr. 851812 Royal Artillery
"Hildred, Reginald",John Gunner 822542 Royal Artillery
"Hill, Ernest",Gunner 863022 Royal Artillery
"Hill, George",Able Seaman D/JX 194218 Royal Navy
"Hinge, Frank",Charles Able Seaman P/J 97839 Royal Navy
"Hiscock, Albert",Roy Gunner 872629 Royal Artillery
"Hitchin, Henry",Alfred Gunner 841096 Royal Artillery
"Hodge, John",Henry Signalman 2330299 Royal Corps of Signals
"Hodge, Walter",Resolution Corporal 726718 Royal Corps of Signals
"Hodgson, Robert",Leading Stoker P/K 65270 Royal Navy
"Hodkinson, Kenneth",T. Private 3055984 Royal Scots
"Hogan, William",Gunner 1426776 Royal Artillery
"Holt, James",Samuel Telegraphist P/JX201158 Royal Navy
"Homburg, John",Sydney Sergeant 1870026 Royal Engineers
Hooley. Reginald Gunner 1720618 Royal Artillery,
"Hope, Arthur",Private-6283550 Middlesex
"Hopkins, Francis",Yonge Signalman C/J 59399 Royal Navy
"Horner, George",Borham Gunner 850600 Royal Artillery
"Horsley, Eric",Marine PO/X 3159 Royal Marines
"Hosford, Robert",P.O. Telegraphist D/JX 139032 Royal Navy
"Houghton, Francis",John Private 2613967 Middlesex
"Howarth, John",W. Lance Bdr. 3382511 Royal Artillery
"Howson, Ronald",L. Sick Berth Att. D/MX 53857 Royal Navy
"Hughes, William",Private 3054029 Royal Scots
"Hull, George",James P. L. Sick Berth Att. D/MX 55902 Royal Navy
"Husband, Edwin",Corporal 2023101 Royal Corps of Signals
"Hutchinson, George",W. Chief F.0. C/JX 126731 Royal Navy
"Hutchison, William",Private 2750645 Royal Scots
"Hutton, Edmund",Feltham Leading Writer D/MX 66831 - Royal Navy
"Iles, Arthur",Henry Private 6206824 Middlesex
"Irving, Malcolm",Private 3054163 Royal Scots
"Isaac, Harry",Gunner 847279 Royal Artillery
"Iszard, George",Lance Corp. 5335415- Middlesex
"Jackson, Albert",James Private 6301824 Middlesex
"Jackson, George",Allborn Private 3054098 Royal Scota
"Jalland, Jack",Edward Able Seaman C/JX 125501 Royal Navy
"James, James",Ivor Private 6201862 Middlesex
"Jeffrey, Andrew",Buchan Private 3055283 Royal Scots
"Jenkins, Charles",Private 3054979 Royal Scots
"Jenkins, Ernest",Corporal 3054179 Royal Scots
"Jennings, Albert",George - Private 6203943 Middlesex
"Jinks, Henry",Gunner 2325377 Royal Artillery
"Johns, Denzil",BOMS 1416983 Hong Kong  Singapore Royal Artillery
"Johnson, Arthur",James Gunner 880914 Royal Artillery
"Johnson, Frederick",W. C.P.O. Writer C/MX 53641 Royal Navy
"Johnson, Oliver",Gunner 851492 Royal Artillery
"Johnson, Wilfred",James Sapper 2111602 Royal Engineera
"Johnston, James",Private 3054478 Royal Scots
"Johnston, Robert",James Private 3312573- Royal Scots
"Jones, Gonville",Royce Petty Officer D/JX 138348 Royal Bavy
"Jones, Herbert",Cyril Marine PLY/X 48 Royal Marines
"Jones, James",Thomas A. Signalman D/JX 232518 Royal Navy
"Jones, Thomas",David Private 6213447 Middlesex
"Jordan-Bowditch, Horace",Signalman 2333643 Royal Corps of Signals
"Josiin, Henry",John Lance Corp. 6201201 Middlesex
"Kearns, James",Bruce Eng. Rm Art. 1 C/MX 55895 Royal Navy
"Kehoe, Edward",Michael Sapper 1868723 Royal Engineers
"Kelly, Maurice",Private 3055718 Royal Scots
"Kemp, Stanley",Able Seaman D/JX 167288 Royal Navy
"Kennard, Herbert",W.G. Petty Officer C/J 18821 Royal Navy
"Kennedy, Albert",Lance Corp. 4535885 Royal Engineers
Kennedy. John Alexander Private 2874298 Royal Scots,
"Kenny, Michael",Gunner 863041 Royal Artillery
"Kerruish, John",Alfred Lance Bdr. 1492450 Royal Artillery
Eew. Henry Charles Seaman Gunner 66 Hong Kong Royal Naval Volunteer Reserve,
"Kimber, James",Lance Sergeant 860930 Royal Artillery
"Kimber, Walter",William F.O.Motor Mec. P/MX 67981 Royal Navy
"Kimpton, William",Ernest Sapper 2078353 Royal Engineers
"King, Ernest",Alfred Telegraphist P/JX 178899 Royal Navy
"King, John",Kenneth P.O. Supply C/MX 54645 Royal Navy
"Kinnard, William",Henry Gunner 868984 Royal Artillery
"Kirby, Alfred",Private 3061781 Royal Scots
"Knowles, Roland",Ernest Captain 147496 Royal Artillery
"Knox, David",Seaman Gunner 76 Hong Kong Royal Naval Volunteer Reserve
"Lake, Alexander",Sidney Sapper 5725990 Royal Engineers
"Lamb, Peter",McDonald Private 3054188 Royal Scots
"Lane, Francis",Edward Gunner 872298 Royal Artillery
"Lane, John",Hugh Gunner 842492 Royal Artillery
"Langdell, Stanley",Private 6213525 Middlesex
"Langley-Bates, Ronald",Clk of Wks 30877 Royal Engineers
"Langridge, Walter",T. Gunner 860097 Royal Artillery
"Law, Reginald",Private 6213526 Middlesex
"Lawlor, William",John Private 6210537 Middlesex
"Lee, Frederick",Charles - Private 6213534 Middlesex
"Lee, Frederick",George Eng. Rm. Art. 3 D/MX 47790 Royal Navy
"Lees, Alexander",Eng. Rm. Art. 3 D/MX 51876 Royal Navy
"Leigh, Thomas",Richard Gunner 1426647 Royal Artillery
"Lewis, Arthur",Signalman 419577 Royal Corps of Signals
"Lewis, Daniel",L. Sick Berth Att. D/MX 49903 Royal Navy
"Lewis, Ernest",Gunner 872538 Royal Artillery
"Lifton, Cyril",Alfred B. Shipwright 1/CC/M 27929 Royal Navy
"Limacher, Frank",Oliver Gunner 855243 Royal Artillery
"Linklater, Albert",Private 3054084 Royal Scots
"Linton, James",Frederick Gunner 1438820 Royal Artillery
"Lintott, George",Private 3055000 Royal Scots
"Little, John",Thomas COMS 6195113 Middlesex
Littlefield. Frederick Private 6203592- Middlesex,
"Livesey, Albert",Charles Gunner 1492461 Royal Artillery
"Lochrie, George",S. Lance Sergeant 3054097 Royal Scots
"Logan, Sydney",Private 3063125 Royal Scots
"Loughlin, Peter",Harry Police Sergeant PSA/45 Hong Kong Police Force
"Love, Noel",John Gunner 1426793 Royal Artillery
"Ludford, Arthur",Herbert Master at Arms D/M 39771 Royal Navy
"Lyon, George",BSM 819554 Royal Artillery
"MacDonald, Thomas",Lance Corp. 2321689 Royal Corps of Signals
"Mace, Frank",Edward Gunner 5181300 Royal Artillery
"Mace, Harry",Leslie Gunner 5498724 Royal Artillery
"Macey, Frank",Leslie Private 6203568 Middlesex
"Mackay, William",Private 2927763 Royal Scots
"Mackenny, William",Henry L. Sick Berth Att. D/MX 50095 Royal Navy
"Mair, William",Skipper Royal Navy
"Makel, George",Smith BSM 426254 Royal Artillery
"Manders, Thomas",George Sapper 1876394 Royal Engineers
Mann. Charles Henry Able Seaman D/JX 137274 Royal Navy,
"Marriott, William",Henry L. Telegraphist C/JX 145860 Royal Navy
"Marrs, William",Signalman P/JX 190653 Royal Navy
"Marsh, William",Thomas Sergeant 819817 Royal Artillery
"Marshall, Henry",Gibson Private 7884695 Royal Scots
"Marshall, Thomas",Private 3051064 Royal Scots
"Martin, Frank",Warrant Wardmaster- Royal Navy
"Mason, William",Alfred Gunner 863085 Royal Artillery
"Matthew, Alexander",M Private 6213541 Middlesex
"May, Wilfred",Able Seaman C/JX 219867 Royal Navy
"Maynard, James",Alfred Private 6201245 Middlesex
"McAndrews, George",B. Sapper 2070145 Royal Engineers
"McBride, Alexander",D. Gunner 851575 Royal Artillery
"McCallum, William",Corporal 3055201 Royal Scots
"McCormack, Bernard",Lance Bdr. 851886 Royal Artillery
"McCulloch, William",Private 3044711 Royal Scots
"McDermott, Corneliue",Private 3312004 Royal Scote
"McDermott, Jamen",Gunner 1493080 Royal Artillery
"McDermott, Lawrence",Gunner 1060132 Royal Artillery
"McElroy, John",Gunner 860391 Royal Artillery
"McEneaney, James",Signalman 2323476 Royal Corps of Signals
"McGhee, James",Preston 2nd Lieutenant 180036 Royal Scots
"McGillivray, James",Private 3053697 Royal Scots
"McGivney, John",Gunner 1722943 Royal Artillery
"McGrath, William",Patrick Petty Officer D/J 98250 Royal Navy
"McHugh, Bernard",Private 3528442 Royal Scots
"Mellwraith, Wilfred",A. Sapper 1873030 Royal Engineers
"McKinlay, Robert",Piper 3054096 Royal Scots
"McLean, Andrew",H. Private 2980621 Royal Scots
"McLean, Joseph",Henry Lance Bdr. 1426733 Royal Artillery
"McMeechan, Hugh",M. Private 3055184 Royal Scots
"McPherson, Charles",D. Private 3063711 Royal Scots
"McQueen, George",M. Able Seaman D/JX 169654 Royal Navy
"McSherry, Peter",Private 2975315 Royal Scots
"Mead, James",Charles E. CSM 3046672 Royal Scots
"Medley, Lloyd",Charles Gunner 845448 Royal Artillery
"Melbourne, Frank",Edward Private 6895657 Middlesex
Mellows. Stephen John C.P.O. Writer D/MX 47034 Royal Navy,
"Melton, John",William Petty Officer 2/3 39300 Royal Navy
"Mendelson, Arthur",L. Private 6202787 Middlesex
"Metcalfe, Ernest",Marine PD/215951 Royal Marines
"Metcalfe, Thomas",Arthur Private 3523209 Middlesex
"Miller, Donald",Private 9063332 Royal Scots
"Minchin, Arthur",Felix Gunner 317526 Royal Artillery
"Miners, James",Gunner 4343532 Royal Artillery
"Morgan, Trevor",Kenneth Lance Corp. 2323570 Royal Corps of Signals
"Morris, Richard",Private 3054809 Royal Scots
"Morris, William",Thomas Private 6203949 Middlesex
"Morrison, Edward",Private 6213567 Middlesex
Morrow. William Lance Corp. 3054065 Royal Scots,
"Morse, Charles",John P.O. Stoker D/K 65312 Royal Navy
"Mose, George",Alfred BSM 1422598 Royal Artillery
"Moxham, Henry",Richard Lance Corp. 1867732 Royal Engineers
"Mulcahy, Michael",D. Able Seaman D/JX 143657 Royal Navy
"Murphy, Thomas",Private 6202110 Middlesex
"Murray, John",Stuart Private 6201274 Middlesex
"Murray, William",Private 3063686 Royal Scots
"Murrell, Arthur",Robert Private 6210542 Middlesex
"Musto, Stanley",Arthur Lance Sergeant 1069779 Hong Kong & Singapore Royal Artillery
"Hayler, Herbert",Edgar COMS 6199294 Middlesex
"Nellist, James",Gunner 1438807 Royal Artillery
"Bewington, Richard",T. J. Lance Sergeant 1870427 Royal Engineers
"Newman, Thomas",Harry Lance Sergeant 1869298 Royal Engineers
"Newnham, Bertram",C. Lance Corp. 837990 Royal Corps of Signals
"Newton, Percy",Alfred and Lieutenant 145629 Middlesex
"Norman, Alfred",William Gunner 1712272 Royal Artillery
"North, Albert",James Gunner 5569751 Royal Artillery
"North, Frederick",Ernest Private 5988960 Middlesex
"O'Connell, Jeremiah",Gunner 1426783 Royal Artillery
"O'Connor, Michael",Oliver Private 3055943 Royal Scots
"O'Rourke, Thomas",Private 3055389 Royal Scots
"O'Sullivan, Bartholomew",Stoker P.O. F/K59642 Royal Navy
"Cakley, Thomas",Ernest Gunner 1470954 Royal Artillery
"Officer, John",Moore Major 47734 Royal Army Medical Corps
"Oliver, John",Robert Leading Seaman C/SSX 21162 Royal Navy
"Ormiston, John",Mitchell Lance Corp. 3059298 Royal Scots
"Orr, Terance",Nolan G. Gunner 1426795 Royal Artillery
"Osman, Harry",James Petty Officer P/J 105839 Royal Navy
"Oswald, Ronald",George Private 6201303 Middlesex
"Ousgood, Fred",Chief E.R.A. P/MX 46649 Royal Navy
"Owen, George",Thomas R.Signalman C/J 80397 Royal Navy
"Owen, Glyn",Gunner. 1493336 Royal Artillery
"Owen, Gordon",John Lance Sergeant 1066923 Royal Artillery
"Pacey, Arthur",Lance Corp. 6201830 Middlesex
"Fage, Charles",Albert Sergeant 6201466 Middlesex
"Page, William",Cecil Bombardier 843727 Royal Artillery
"Palmer, Joseph",Benjamin Private 6201414 Middlesex
"Panting, Hugh",Eric R. Corporal 5496071 Middlesex
"Pape, George",William C/J 46941 Royal Navy
"Parker, Raymond",John 6202172 Middlesex
"Parkins, George",Baden Signalman 2316934 Royal Corps of Signals
"Parlette, Reginald",George Supply Assistant C/MK 86692 Royal Navy
"Farsons, Arthur",John Corporal 2323514 Royal Corps of Signals
"Paterson, Henry",Private 3054793 Royal Scots
"Payne, Arthur",Gunner 840853 Royal Artillery
"Payne, Terence",Bobert Lance Corp. 6207623 Middlesex
"Pearce, Raymond",John C. Corporal 6201785 Middlesex
"Pearson, Alfred",Private 6201235 Middlesex
"Pearson, Harry",Sergeant 2317200 Royal Corps of Signals
"Peffers, Adam",Corporal 3051813 Royal Scots
"Pelham, Harold",Alfred G. Corporal 6201290 Middlesex
"Pembroke, William",Henry Gunner 843803 Royal Artillery
"Pennick, Reginald",Joseph Lance Corp. 6201384 Middlesex
"Penny, Richard",Arthur Private 6207076 Middlesex
"Pepper, Frank",Crookes Sapper 1872831 Royal Engineers
"Perkins, Leslie",George Chief E.R.A.D/MX 46040 Royal Havy
Ferry. Donald Charles Corporal 1873120 Royal Engineers,
"Philipson, John",Beaver Lance Sergeant 853346 Royal Artillery
"Phillips, Edward",John Private 6213577 Middlesex
"Phillips, Reginald",Ernest Lance Corp. 3054045 Royal Scots
"Phillips, Sydney",W.E. P.O. Stoker D/KX 82081 Royal Navy
"Phipps, John",Signalman 2323912 Royal Corps of Signals
"Fickston, Leslie",Signalman 2353661 Royal Corps of Signals
"Pike, Horace",Henry G. Chief Stoker D/KX 75591 Royal Navy
"Plummer, William",Arthur Sergeant 5381717 Royal Artillery
"Pollard, Leonard",Hugh L. Telegraphint P/WRX 622 Royal Navy
"Pollock, James",Private 3063734 Royal Scots
"Pope, Donald",Charles Sapper 1922409 Royal Engineers
"Potter, Alan",Stanley Corps Officer St John Ambulance
"Potter, John",Henry Signalman 2325012 Royal Corps of Signals
"Potter, John",Thomas Gunner 868809 Royal Artillery
"Potter, Robert",Gunner 1712293 Royal Artillery
"Powell, Albert",Victor P.O. Cook (S) D/MX 46646 Royal Navy
"Powell, william",John Lance Corp. 3055656 Royal Scots
"Pragnell, Charien",Gunner 851835 Royal Artillery
"Pressley, Harvey",Gunner 1718185 Royal Artillery
"Priest, Henry",Herbert A. Gunner 1712297 Royal Artillery
"Priest, William",James W.O. 95A Hong Kong Royal Naval Volunteer Reserve
"Priestley, George",Gunner 1714991 Royal Artillery
"Pring, Mark",Edward Private 6207641 Middlesex
"Pritchard, James",Gunner 1071368 Royal Artillery
"Probert, Sidney",Charles G. Private 6213548 Middlesex
"Pryke, William",Arthur J. Motor Mechanic P/MX 68681 Royal Navy
"Pullar, James",Bombardier 836220 Royal Artillery
"Rainey, Eric",Sapper 2017013 Royal Engineers
"Rainsford, Henry",Charles Gunner 1426705 Royal Artillery
"Ramage, Humphrey",G. Sapper 795808 Royal Engineers
"Ramsay, John",Fitcher Private 3055647 Royal Scots
"Ramsden, John",Richard Able Seaman C/J60050 Royal Navy.
"Ramsey, James",Robert CSM 6196028 Middlesex
"Rankin, Thomas",BSM 1061282 - Royal Artillery
"Baper, William",George Gunner 805922 Royal Artillery
"Ratcliffe, Norman",Ernest Sapper 1871671 Royal Engineers
"Rawlings, Frank",BSM-2202439 Royal Artillery
"Read, Reginald",John W.O. 107A Hong Kong Royal Naval Volunteer Reserve
"Redfern, George",Stanley Signalman 2353662 Royal Corps of Signals
"Reed, George",William Gunner 859682 Royal Artillery
"Rees, Leonard",Frederick - Gunner 1715105 Royal Artillery
"Reeve, Sidney",Arthur Sapper 1912172 Royal Engineers
"Reynolds, Alfred",John Stoker 1st Class P/SS 125467 Royal Navy
"Rice, Thomas",Able Seaman P/JX 148679 Royal Navy
"Richards, Frederick",W. Sergeant 7258137 Royal Army Medical Corps
"Richards, Robert",William Sergeant 3051826 Royal Scots
"Richards, Stanley",John Gunner 1713996 Royal Artillery
"Richardson, Joseph",H. Marine PO/X 89 Royal Marines
"Riches, Jack",Ernest - PSM 6198989 Middlesex
"Richmond, Robert",Henry Lance Corp. 1871596 Royal Engineers
"Ricketts, George",R. Gunner 853695 Royal Artillery
"Ridden, Donald",Private 6202704 Middlesex
"Ritchie, Robert",Hyslop Private 3054099 Royal Scots
"Ritchings, Thomas",Gunner 872724 Royal Artillery
"Roberts, Alfred",Henry Bombardier 844989 Royal Artillery
"Roberts, Charles",Arthur Lance Corp. 1871282 Royal Engineers
"Roberts, John",Alfred Gunner 1502336 Royal Artillery
"Roberts, Leonard",Private 6202331 Middlesex
"Robertson, Albert",Thomas Private 839788 Middlesex
"Robertson, Mornington",Corporal-2566140 Royal Scots
"Robertson, Peter",Ian H. Lance Corp. 2333539 Royal Corps of Signals
"Robinson, Charles",Shipwright 3/C C/MX 48323 Royal Navy
"Robinson, Henry",Charles Motor Mechanic P/MX 69813 Royal Navy
"Robinson, John",Gunner 872357 Royal Artillery
"Robinson, Joseph",Signalman 2353612 Royal Corps of signals
"Robinson, Fercy",Albert G. Sapper 1875612 Royal Engineers
"Rodgers, Stephen",P. L. Sick Berth Att. D/MX 54162 Royal Navy
"Rogers, Ernest",James W. Gunner 1491034 Royal Artillery
"Rogers, John",Francis COMS 6340597 Royal Corps of Signals
"Rompen, George",Private 4448040 Royal Scots
"Rooker, Roy",Leslie H. Lance Corp. 6202947 Middlesex
"Roos, Victor",Edward Able Seaman C/JX 141248 Royal Navy
"Ross, John",Connacher Private 3055736 Royal Scots
"Round, Walter",Thomas Gunner 1426753 Royal Artillery
"Rule, Albert",Private 6213551 Middlesex
"Rule, Charles",Frederick Lance Corp. 6202369 Middlesex
"Rushman, Mervyn",Francis Sergeant PLY/X 488 Royal Marines
"Russell, Alexander",Lance Corp. 3054869 Royal Scots
"Russell, Reginald",Edward Private 6202948 Middlesex
"Russell, Robert",Private 6202362 Middlesex
"Russell, Thomas",Sergeant 1046474 Royal Artillery
"Samuels, Christopher",Private 6201438 Middlesex
"Sansum, Harry",Private 6198239 Middlesex
"Sawyer, William",Arthur Petty Officer C/J 101193 Royal Navy
"Sayce, Thomas",Gunner 2215242 Royal Artillery
"Schorsch, Robert",Private 6210550 Middlesex
"Scott, Alexander",C. Private 3053649 Royal Scots
"Scott, Arthur",Reginald G. Sapper 5725545 Royal Engineers
"Scott, Donald",Private 3128873 Royal Scots
"Scott, Frank",Douglas Gunner 849557 Royal Artillery
"Scott, Robert",Ferrie Private 3053792 Royal Scote
"Scully, John",Patrick Corporal 2323331 Royal Corps of Signals
"Seager, Albert",Ernest Gunner 863185 Royal Artillery
"Searle, Henry",George A. BOMS 1043916 Hong Kong & Singapore Royal Artillery
"Selwood, George",William Gunner 1712254 Royal Artillery
"Sercombe, William",M. E.R.A. 2/C D/MX 49610 Royal Navy
"Sharp, Duncan",Gunner 900140 Royal Artillery
"Sharp, Henry",Thomas Chief Ord. Art. C/M 38907 Royal Navy
"Sharrock, Harold",Maynard Lance Corp. 3381316 Royal Scots
"Shepherd, George",Gunner 3054194 Royal Scots
"Shepherd, Thomas",W. Signalman 2323228 Royal Corps of Signels
"Sherman, Soloman",A.B. D/JX192821 Royal Navy
"Shirkey, John",Dollar Chief E.R.A. P/195ED Royal Navy
"Shields, Thomas",Perkins Sergeant 1867862 Royal Engineers
"Shipp, Cecil",Edward Able Seaman P/SSX 14017 Royal Navy
"Shirlaw, George",Fitness Lance Sergeant 1054920 Royal Artillery
"Shirley, Ernest",Francis BSM 751875 Royal Artillery
"Short, Leslie",Charles Bandsman - 796168 Middlesex
"Simmonds, Harold",A.P. P.O. Telegraphist P/J 32688 Royal Ravy
"Simmons, Edward",Walter Sapper 1874074 Royal Engineers
"Simpson, Matthew",Allen Lance Bdr. 1603474 Royal Artillery
"Simpson, Thomas",Lance Sergeant 6201485 Middlesex
"Sinclair, Frederick",L. Private 6201225 Middlesex
"Singleton, Thomas",Lance Sergeant 1868579 Royal Engineers
"Skinner, John",Corporal 3054151 Royal Scots
"Smale, Albert",Edward Signalman C/J 37525 Royal Navy
"Smalley, Frank",Bandsman 6201403 Middlesex
"Smith, Albert",Edward Gunner 1712260 Royal Artillery
"Smith, Ernest",Alexander Sergeant 2029653 Kiddlesex
"Smith, Frederick",William Gunner 856075 Royal Artillery
"Smith, John",Brazier Gunner 556398 Hong Kong & Singapore Royal Artillery
"Smith, John",Peter Gunner 847769 Royal Artillery
"Smith, Leslie",Frank Lance Corp. 1871507 Royal Engineers
"Smith, Leslie",Ivor Sergeant -853737 Royal Artillery
"Smith, Matthew",PSM 2977171 Royal Scots
"Smith, Patrick",Corporal 3048063 Royal Scots
"Spall, Arthur",Ernest Private 6202929 Middlesex
"Spare, Dermot",Corporal 2319390 Royal Corps of Signals
"Sparkes, John",Charles Gunner 851848 Royal Artillery
"Spence, John",Frederick Lance Sergeant 1871927 Royal Engineers
"Spencer, Geoffrey",W. Lance Corp. 1874667 Royal Engineers
"Spencer, Reginald",Charles - Sapper 1879351 Royal Engineers
"Spiers, George",Edward - Private 6214370 Middlesex
"Stancer, Frank",Lewis - Lieutenant 184087 Royal Scots
"Stanford, Frederick",CSM 6908612 Royal Scots
"Stanners, Adam",Ramsey Private -3054521 Royal Scots
"Steed, Thomas",S.B.A. C/SR59 Royal Navy
"Steele, William",Ernest - Private 6213589 Middlesex
"Stemp, Reginald",Stanley Gunner 1712269 Royal Artillery
"Stewart, Forbes",Piper 3053467 Royal Scots
Stewart William Private 6202990 Middlesex,
"Stewart, William",G. Corporal - 3211328 Royal Scots
"Stickley, Thomas",Private 6195813 Middlesex
"Stobbart, John",Douglas Gunner 872643 Royal Artillery
"Stocker, James",Lawrence Gunner 856855 Royal Artillery
"Stoker, Ralph",William E.R.A. lst Class P/190 ED Royal Navy
"Stone, George",Frederick Bombardier 860091 Royal Artillery
"Stone, Thomas",John Leading Stoker D/KX 94034 Royal Navy
"Stott, James",Black Corporal 2323463 Royal Corps of Signals
"Sturdy, Patrick",Jospeh Sergeant 6201477 Middlesex
"Suggitt, Robert",Signalman 2351049 Royal Corps of Signals
"Sumner, William",BOMS 818673 Royal Artillery
"Sweeney, Daniel",C. Supply Assistant P/M 37259 Royal Navy
"Tait, Alexander",Private 6202334 Middlesex
"Tait, Robert",- Private 3063568 Royal Scots
"Talks, Vernon",Dvr 2324091 Royal Corps of Signale
"Tarner, John",Norman Corporal 6200730 Middlesex
"Taylor, Alec",Private 6207790 Middlesex
"Taylor, Gerald",Francis Sergeant 7536269 Royal Army Dental Corps
"Taylor, Norman",Gunner 861724 Royal Artillery
"Taylor, Sydney",George Master Mariner - Merchant Navy
"Taylor, Sydney",John Signalman D/SSX 33879 Royal Navy
"Thackeray, Samuel",Robert Gunner 850564 Royal Artillery
"Thomas, Alfred",Llewellyn Sapper. 1873659 Royal Engineers
"Thomas, Cyril",Private 6202751- Middlesex
"Thomas, Edwin",Gunner 872633 Royal Artillery
"Thomas, Jack",Private 6200963 Middlesex
"Thomas, Jack",Henry Private 6201172 Middlesex
"Thompson, Frederick",John Lance Bdr. 860782 Royal Artillery
"Thompson, William",Corporal 1871390 Royal Engineers
"Thomson, Alexander",Private 2877781 Royal Scots
"Thomson, Andrew",Private 3055945 Royal Scots
"Thomson, David",Haston Private 3051845 Royal Scots
"Thorn, Ronald",Alfred Sapper 1871903 Royal Engineers
"Thrush, James",Waters Gunner 1715110 Royal Artillery
"Tivey, Richard",John Private 6213111 Middlesex
"Tomlinson, John",Bramley Corporal 2322410 Royal Corps of Signals
"Tooley, Michael",Lance Bdr. 1040797 Royal Artillery
"Townsend, George",Gunner 2574607 Royal Artillery
"Tozer, Stanley",Herbert Commissioned Shipwright- Royal Navy
"Trinder, George",ROMS 3049838 Royal Scots
"Tucker, Joseph",Henry Private 6202940 Middlesex
"Tunmer, William",Arthur Bandsman 6199244- Middlesex
"Turnbull, James",Sapper 1873561 Royal Engineers
"Turner, Frank",Sapper 2040931 Royal Engineers
"Turner, William",Arthur Stoker ist Class P/EX 109310 Royal Navy
"Twomey, Wilfred",Ray Sapper 1873830 Royal Engineers
"Upton, Edward",George QMS 1866078 Royal Engineers
"Valentine, George",F.W. Able Seaman P/J 20240 Royal Navy
"Valentine, Roland",Edward Private 6311128 Middlesex
"Vallance, George",William Private 2216490 Middlesex
"Viotto, Joseph",Gunner 847011 Royal Artillery
"Waddington, Wilfred",G. Gunner 851194 Royal Artillery
"Wakefield, Joseph",W. Private 4973727 Royal Scots
"Wakeham, Ernest","William Clerk, Naval Yard HK一 Civilian"
"Walker, Frederick",Charles Sergeant 6199899 Middlesex
"Walker, Leighton",William Major 38495 Royal Scote
"Walker, William",Sergeant 2874626 Royal Scots
"Wallace, Marner",Gunner 856113 Royal Artillery
"Walters, John",Private 3054946 Royal Scots
"Warburton, John",Gunner 1492565 Royal Artillery
"Ward, Bernard",M.J. Gunner 845291 Royal Artillery
"Warder, Alexander",C. Lance Sergeant 1061893 Royal Artillery
"Warren, Christopher",Signalman 2330321 Royal Corps of Signals
"Waters, Robert",Edward Private 6213557-Middlesex
"Wathen, Walter",Norman Lance Sergeant 2314610 Royal Corps of Signals
"Watkins, John",Patrick Private 6202797 Middlesex
"Watson, Arthur",Seaman Gunner Hong Kong Royal Naval Volunteer Reserve
"Watson, Thomas",Bombardier 826539 Royal Artillery
"Weaver, John",Douglas H. Lance Corp. 6201811 Middlesex
"Webb, Donald",Sick Berth Att. D/MX 57578 Royal Navy
"Webb, Sidney",Able Seaman C/J110817 Royal Navy
"Webster, Allan",Private 4191829 Middlesex
"Webster, George",Gunner 847445 Royal Artillery
"Webster, George",Private 6201463 Middlesex
"Weeks, Douglas",Reginald Signalman 2324122 Royal Corps of Signals
"Wellington, Richard",H. BSM 1425771 Royal Artillery
"Wells, William",George Bombardier 1058220 Royal Artillery
"Welah, James",Blaney Private 3054597 Royal Scots
"Weston, John",William Lance Sergeant 1863657 Royal Engineers
"Wexham, Robert",Martin Warrant Supply Officer - Royal Navy
"Whelan, William",Lance Sergeant 1867404 Royal Engineers
"White, Ralph",James Able Seaman P/JX 146392 Royal Navy
"White, Robert",Drummer 3054849 Royal Scots
"Whitefield, Charles",A. Sergeant 2318017 Royal Corps of Signals
"Whitehead, Arthur",F. Gunner 1866939 Royal Artillery
"Whitehouse, Herbert",Private 6201205 Middlesex.
"Whitham, James",Percival Lieutenant 221695 Middlesex
"Wigzell, Wallace",Frank CSM 2311126 Royal Corps of Signals
"Williams, Frederick",Ivor Lance Bår. 1492580 Royal Artillery
"Williams, Harry",Edward I. Ordinary CoderD/208165 Royal Navy
"Williams, Ronald",F. Gunner 1427413 Royal Artillery
"Williams, Thomas",Alun Sapper 1870215 Royal Engineers
"Williamson, James",Private 3054063 Royal Scots
"Willis, Francis",Lance Corp. 2321824 Royal Corps of Signals
"Wilson, Arthur",Stanley Gunner 868801 Royal Artillery
"Wilson, Charles",Edward Lance Corp. 3054164 Royal Scots
"Wilson, John",Campbell L. Telegraphist P/WRX489 Royal Navy
"Wilson, William",Eric BSM 1424207 Royal Artillery
"Withington, Henry",Bombardier 5245673 Royal Artillery
"Witty, Herbert",Charles Lance Corp. 6202383 Middlesex
"Wood, Lawrence",Arthur Lieutenant 149465 Middlesex
"Wooldridge, Edward",Gunner 843519 Royal Artillery
"Woollcott, Edgar",Joseph Sapper 1925110 Royal Engineers
"Woolley, Bertram",- Private 6200754 Middlesex
"Woolwright, Alfred",Lance Sergeant 3054082 Royal Scots
"Wordley, Ernest",George Private 7519158 Royal Army Medical Corps
"Wyllie, william",Private 3050493 Royal Scots
"Yeoman, Herbert",George Gunner 851690 Royal Artillery
